{"accuracy": [0.37860891222953796, 0.6207349300384521, 0.7559055089950562, 0.8129921555519104, 0.8143044710159302, 0.8300524950027466, 0.8510498404502869, 0.8786089420318604, 0.8805774450302124, 0.8818897604942322, 0.9061679840087891, 0.915354311466217, 0.902230978012085, 0.9251968264579773, 0.9383202195167542, 0.930446207523346, 0.9481627345085144, 0.9520997405052185, 0.9632545709609985, 0.9507874250411987, 0.9658792614936829, 0.9619422554969788, 0.9711285829544067, 0.9691600799560547, 0.9671915769577026, 0.969816267490387, 0.9475065469741821, 0.9593175649642944, 0.9744094610214233, 0.9809711575508118, 0.9691600799560547, 0.9665354490280151, 0.9730970859527588, 0.9822834730148315, 0.9796587824821472, 0.9803149700164795, 0.9822834730148315, 0.9763779640197754, 0.9744094610214233, 0.9744094610214233, 0.969816267490387, 0.9665354490280151, 0.9822834730148315, 0.9855642914772034, 0.9862204790115356, 0.9803149700164795, 0.9829396605491638, 0.9763779640197754, 0.9658792614936829, 0.969816267490387, 0.9809711575508118, 0.9835957884788513, 0.9790025949478149, 0.9783464670181274, 0.9757217764854431, 0.9803149700164795, 0.9835957884788513, 0.9757217764854431, 0.9803149700164795, 0.9757217764854431, 0.9829396605491638, 0.9868766665458679, 0.9678477644920349, 0.9770340919494629, 0.9822834730148315, 0.9862204790115356, 0.9895012974739075, 0.9803149700164795, 0.9862204790115356, 0.9822834730148315, 0.9862204790115356, 0.9816272854804993, 0.9881889820098877, 0.9803149700164795, 0.9783464670181274, 0.9842519760131836, 0.9862204790115356, 0.9730970859527588, 0.9822834730148315, 0.9835957884788513, 0.9868766665458679, 0.9862204790115356, 0.9776902794837952, 0.990813672542572, 0.9868766665458679, 0.9809711575508118, 0.98884516954422, 0.9895012974739075, 0.9881889820098877, 0.98884516954422, 0.9776902794837952, 0.9790025949478149, 0.9816272854804993, 0.9822834730148315, 0.9816272854804993, 0.990813672542572, 0.9914698004722595, 0.9901574850082397, 0.9750655889511108, 0.9809711575508118], "loss": [33.74159240722656, 27.939189910888672, 23.342283248901367, 19.887422561645508, 17.19786834716797, 15.027935981750488, 13.263861656188965, 11.783564567565918, 10.550616264343262, 9.56689167022705, 8.617132186889648, 7.829875469207764, 7.2165398597717285, 6.574530124664307, 6.027813911437988, 5.590455055236816, 5.150431156158447, 4.755188941955566, 4.403658866882324, 4.133968353271484, 3.8428518772125244, 3.607649087905884, 3.362976312637329, 3.171328067779541, 2.980595350265503, 2.8175551891326904, 2.7081193923950195, 2.5575554370880127, 2.3873841762542725, 2.240981101989746, 2.1553122997283936, 2.077218770980835, 1.9684237241744995, 1.8617579936981201, 1.7733256816864014, 1.6973005533218384, 1.6196366548538208, 1.5728700160980225, 1.5322214365005493, 1.481441617012024, 1.440442681312561, 1.4108355045318604, 1.3163189888000488, 1.259469747543335, 1.2088876962661743, 1.1871795654296875, 1.143775224685669, 1.1243244409561157, 1.1362040042877197, 1.0942456722259521, 1.0529993772506714, 1.006050944328308, 0.995631992816925, 0.9642013311386108, 0.9452312588691711, 0.9174278378486633, 0.8885031342506409, 0.8919507265090942, 0.8791821002960205, 0.8803868889808655, 0.838462769985199, 0.8102713227272034, 0.8398638367652893, 0.8023781180381775, 0.7819746732711792, 0.7466489672660828, 0.7251625657081604, 0.7245386242866516, 0.7007625102996826, 0.7130639553070068, 0.6816126108169556, 0.6827558279037476, 0.6689431071281433, 0.6659117937088013, 0.6614922285079956, 0.6401488780975342, 0.623913049697876, 0.6659031510353088, 0.6267668604850769, 0.6080461740493774, 0.588608980178833, 0.5961955189704895, 0.5960981845855713, 0.5657130479812622, 0.5672224760055542, 0.5760917067527771, 0.5494137406349182, 0.5261070132255554, 0.5291017293930054, 0.5222364068031311, 0.5387381315231323, 0.543703556060791, 0.5260829925537109, 0.5194959044456482, 0.5126386284828186, 0.48995596170425415, 0.4739149510860443, 0.4704630672931671, 0.5163312554359436, 0.4992983341217041], "val_accuracy": [0.443569540977478, 0.6929134130477905, 0.7847769260406494, 0.8241469860076904, 0.8320209980010986, 0.8503937125205994, 0.8320209980010986, 0.8713910579681396, 0.8608924150466919, 0.8766404390335083, 0.9238845109939575, 0.9186351895332336, 0.9002624750137329, 0.9055117964744568, 0.9238845109939575, 0.9370078444480896, 0.9580052495002747, 0.9501312375068665, 0.9658792614936829, 0.960629940032959, 0.9370078444480896, 0.9580052495002747, 0.9580052495002747, 0.9527559280395508, 0.9422572255134583, 0.9501312375068665, 0.9501312375068665, 0.9448819160461426, 0.9711285829544067, 0.9658792614936829, 0.9475065469741821, 0.9527559280395508, 0.9711285829544067, 0.960629940032959, 0.9632545709609985, 0.960629940032959, 0.9737532734870911, 0.960629940032959, 0.9396325349807739, 0.9212598204612732, 0.9448819160461426, 0.9816272854804993, 0.9737532734870911, 0.9842519760131836, 0.9711285829544067, 0.9790025949478149, 0.9685039520263672, 0.9685039520263672, 0.9685039520263672, 0.960629940032959, 0.9737532734870911, 0.9658792614936829, 0.9790025949478149, 0.9763779640197754, 0.9763779640197754, 0.9685039520263672, 0.9763779640197754, 0.9711285829544067, 0.9553805589675903, 0.9842519760131836, 0.9711285829544067, 0.9790025949478149, 0.960629940032959, 0.9580052495002747, 0.9632545709609985, 0.9895012974739075, 0.9527559280395508, 0.9763779640197754, 0.9580052495002747, 0.9895012974739075, 0.9816272854804993, 0.9580052495002747, 0.9737532734870911, 0.9448819160461426, 0.9763779640197754, 0.9422572255134583, 0.9685039520263672, 0.9711285829544067, 0.960629940032959, 0.9868766665458679, 0.9868766665458679, 0.9711285829544067, 0.9763779640197754, 0.9763779640197754, 0.9842519760131836, 0.9737532734870911, 0.9816272854804993, 0.9737532734870911, 0.9790025949478149, 0.9658792614936829, 0.9737532734870911, 0.9763779640197754, 0.9291338324546814, 0.9685039520263672, 0.9816272854804993, 0.9790025949478149, 0.9711285829544067, 0.9842519760131836, 0.9580052495002747, 0.960629940032959], "val_loss": [30.655517578125, 25.373645782470703, 21.4449462890625, 18.38133430480957, 16.02483367919922, 14.066703796386719, 12.513384819030762, 11.146356582641602, 10.037505149841309, 9.088427543640137, 8.171557426452637, 7.430318832397461, 6.8983330726623535, 6.331642150878906, 5.771698951721191, 5.339699745178223, 4.922428131103516, 4.5957722663879395, 4.242804527282715, 3.9801783561706543, 3.779770851135254, 3.4856910705566406, 3.2586770057678223, 3.1025514602661133, 2.9927268028259277, 2.7906486988067627, 2.6468288898468018, 2.492457389831543, 2.3278746604919434, 2.2081291675567627, 2.189129114151001, 2.073497772216797, 1.9343470335006714, 1.8838579654693604, 1.7561355829238892, 1.7059779167175293, 1.5992916822433472, 1.5565738677978516, 1.563624620437622, 1.5507618188858032, 1.5185799598693848, 1.3566920757293701, 1.3086494207382202, 1.2393529415130615, 1.219124436378479, 1.1707165241241455, 1.1539747714996338, 1.117256760597229, 1.1343493461608887, 1.0879427194595337, 1.0368160009384155, 1.0261414051055908, 0.9761232137680054, 0.9733946919441223, 0.9372239112854004, 0.9445637464523315, 0.8916400671005249, 0.9106404185295105, 0.8808778524398804, 0.8451374769210815, 0.8248335719108582, 0.807341992855072, 0.8431685566902161, 0.8360454440116882, 0.8196220397949219, 0.7404365539550781, 0.8011187314987183, 0.7247031927108765, 0.7672486901283264, 0.7005303502082825, 0.6813708543777466, 0.7208114862442017, 0.6834450364112854, 0.7336028218269348, 0.6644448637962341, 0.738693118095398, 0.6353621482849121, 0.6488339900970459, 0.6424381732940674, 0.5989410877227783, 0.5874167084693909, 0.6166331171989441, 0.6067433953285217, 0.5854490399360657, 0.5715318918228149, 0.5659955143928528, 0.5513454675674438, 0.5605214834213257, 0.5383387804031372, 0.5584632158279419, 0.5513250231742859, 0.5490127205848694, 0.6405234336853027, 0.5339533090591431, 0.5189379453659058, 0.4994216561317444, 0.5308756828308105, 0.4897647500038147, 0.5577152967453003, 0.5243828892707825]}